USE PokeAdopt;

LOAD DATA LOCAL INFILE './pokemon.csv'
INTO TABLE Pokemon
FIELDS TERMINATED BY ',' 
ENCLOSED BY '"'
LINES TERMINATED BY '\n'
IGNORE 1 LINES (
	@abilities, @against_bug, @against_dark, @against_dragon, @against_electric, @against_fairy, @against_fight,
	@against_fire, @against_flying, @against_ghost, @against_grass, @against_ground, @against_ice,
	@against_normal, @against_poison, @against_psychic, @against_rock, @against_steel, @against_water,
	@attack, @base_egg_steps, @base_happiness, @base_total, @capture_rate, @classification, @defense,
	@experience_growth, @height_m, @hp, @japanese_name, @name, @percentage_male, @pokedex_number,
	@sp_attack, @sp_defense, @speed, @type1, @type2, @weight_kg, @generation, @is_legendary
)
SET
	pokedex_number = @pokedex_number,
	name = @name,
	type1 = @type1,
	type2 = NULLIF(@type2, ''),
	height = NULLIF(@height_m, ''),
	weight = NULLIF(@weight_kg, ''),
	generation = NULLIF(@generation, ''),
	is_legendary = NULLIF(@is_legendary, ''),
	abilities = @abilities,
	base_happiness = NULLIF(@base_happiness, ''),
	hp = NULLIF(@hp, ''),
	attack = NULLIF(@attack, ''),
	defense = NULLIF(@defense, ''),
	speed = NULLIF(@speed, '');

INSERT INTO User (uid, username, password, name)
VALUES
    (1, 'leaflover', 'bulba1234', 'Ash Leaf'),
    (4, 'firefang', 'char1234', 'Blaze Ember'),
    (7, 'watersplash', 'squirt1234', 'Marina Wave'),
    (10, 'darkhowl', 'hound1234', 'Luna Shade'),
    (12, 'buzzwing', 'butter1234', 'Bea Flutter'),
    (18, 'skyeye', 'pidge1234', 'Aero Feather'),
    (25, 'sparkplug', 'pika1234', 'Sparky Volt'),
    (39, 'singsoftly', 'jiggly1234', 'Melody Puff'),
    (133, 'evolveit', 'eevee1234', 'Evan Morph'),
    (150, 'mindstorm', 'mewtwo1234', 'Mew Two'),
    (151, 'floatdream', 'mew12345', 'Mia Dream'),
    (200, 'adminmaster', 'rootpass1234', 'Professor Oak'),
    (201, 'guestuser', 'guestpass1234', 'Tracey Sketchit'),
    (202, 'rocksteady', 'geog2024', 'Brock Stone'),
    (203, 'leafwhisper', 'chiko2024', 'Willow Fern'),
    (204, 'flametail', 'cynda2024', 'Cinder Blaze'),
    (205, 'mudskipper', 'mudkip2024', 'River Brook'),
    (206, 'treetopper', 'treeko2024', 'Sylvan Moss'),
    (207, 'torchflare', 'torch2024', 'Ignis Ember'),
    (208, 'bubblerush', 'piplup2024', 'Marina Drift'),
    (209, 'foreststride', 'turt2024', 'Grover Wood'),
    (210, 'burningheart', 'chim2024', 'Flare Ashen'),
    (211, 'seasonswirl', 'snivy2024', 'Rowan Vine'),
    (212, 'ignitewing', 'tepig2024', 'Ember Root'),
    (213, 'streamdash', 'oshaw2024', 'Kai Torrent'),
    (214, 'twigwhirl', 'ches2024', 'Birch Briar'),
    (215, 'blazecrest', 'fenn2024', 'Ruby Flare'),
    (216, 'tidalcrest', 'froak2024', 'Finn Ripple'),
    (217, 'briarshield', 'rowlet2024', 'Oakley Feather'),
    (218, 'sunflare', 'litten2024', 'Sol Pyre'),
    (219, 'flowtide', 'popplio2024', 'Coral Drift'),
    (220, 'sproutpath', 'grook2024', 'Bramble Thorn'),
    (221, 'heatpounce', 'scorb2024', 'Ember Spring'),
    (222, 'dewstride', 'sobble2024', 'Rill Dew'),
    (223, 'thornbrush', 'sprig2024', 'Basil Vine'),
    (224, 'flareflash', 'fued2024', 'Carmen Ember'),
    (225, 'waveburst', 'quad2024', 'Aqua Surge'),
    (226, 'mountainmist', 'rock2024', 'Sierra Crag'),
    (227, 'winterhail', 'iced2024', 'Crystal Frost'),
    (228, 'venomstrike', 'poison2024', 'Ivory Fang'),
    (229, 'ironclaw', 'steel2024', 'Ferris Alloy'),
    (230, 'psychichaze', 'psyche2024', 'Mira Sight'),
    (231, 'dracospirit', 'dragon2024', 'Drake Storm'),
    (232, 'shadebound', 'ghost2024', 'Phantom Wisp'),
    (233, 'earthrumble', 'ground2024', 'Terra Quake'),
    (234, 'sandviper', 'sand2024', 'Vera Dune'),
    (235, 'stormbreaker', 'flyx2024', 'Aeris Gale'),
    (236, 'nightflare', 'dark2024', 'Nyx Shadow'),
    (237, 'radiantdawn', 'fairy2024', 'Lumin Heart'),
    (238, 'sunshard', 'solar2024', 'Astra Beam'),
    (239, 'moonglow', 'lunar2024', 'Selene Drift'),
    (240, 'starlitpath', 'cosmic2024', 'Nova Pulse'),
    (241, 'tempestcore', 'storm2024', 'Zephyr Surge'),
    (242, 'marblehorn', 'ramx2024', 'Granite Hoof'),
    (243, 'embermane', 'lion2024', 'Blaze Roar'),
    (244, 'petalpuff', 'flora2024', 'Daisy Bloom'),
    (245, 'tidewalker', 'aqua2024', 'Reef Sailor'),
    (246, 'swiftclaw', 'speed2024', 'Dash Runner'),
    (247, 'craghowl', 'peak2024', 'Cliff Boulder'),
    (248, 'silkshade', 'veil2024', 'Velvet Noir'),
    (249, 'sparkshock', 'volt2024', 'Joule Current'),
    (250, 'hollowroot', 'shade2024', 'Elder Wisp'),
    (251, 'thunderrush', 'zapx2024', 'Shock Stride'),
    (252, 'lilypath', 'pond2024', 'Lily Creek'),
    (253, 'mosscloak', 'fern2024', 'Rowan Moss'),
    (254, 'ironhide', 'metal2024', 'Titan Forge'),
    (255, 'warpblink', 'tele2024', 'Blink Phase'),
    (256, 'dreamfloat', 'mist2024', 'Aura Sway'),
    (257, 'petalsoft', 'rose2024', 'Rosie Bloom'),
    (258, 'embertail', 'coal2024', 'Coal Flare'),
    (259, 'rivershine', 'brook2024', 'Brook Shimmer'),
    (260, 'skybreaker', 'airx2024', 'Cyan Rift'),
    (261, 'stoneguard', 'guard2024', 'Bastion Crag'),
    (262, 'puffcloud', 'cotton2024', 'Nimbus Drift'),
    (263, 'dunestep', 'dune2024', 'Sirocco Sand'),
    (264, 'ashriver', 'ashx2024', 'Sable Flow'),
    (265, 'thornfury', 'bramble2024', 'Thorn Crusher'),
    (266, 'smokemane', 'smog2024', 'Haze Ember'),
    (267, 'breezewing', 'wind2024', 'Gale Feather'),
    (268, 'echoheart', 'echo2024', 'Reverie Tone'),
    (269, 'mistveil', 'fogx2024', 'Vela Drift'),
    (270, 'thundercrest', 'bolt2024', 'Rex Voltage'),
    (271, 'stonepulse', 'orex2024', 'Marble Flux'),
    (272, 'frostwhirl', 'chill2024', 'Glacia Hail'),
    (273, 'marshstep', 'bogx2024', 'Mire Reed'),
    (274, 'leafspark', 'budx2024', 'Sprout Ember'),
    (275, 'emberfall', 'flare2024', 'Kindle Frost'),
    (276, 'wavesprint', 'tide2024', 'Coral Sprint'),
    (277, 'beakstrike', 'peck2024', 'Avi Shard'),
    (278, 'scalequake', 'lizard2024', 'Scoria Fang'),
    (279, 'dragonflare', 'wyrm2024', 'Inferna Drake'),
    (280, 'lunarcrest', 'moon2024', 'Crescent Pale'),
    (281, 'solarburst', 'sunx2024', 'Solara Bright'),
    (282, 'tidalpulse', 'wash2024', 'Surf Crest'),
    (283, 'stonewind', 'gust2024', 'Rocky Breeze'),
    (284, 'emberstrike', 'ignite2024', 'Flint Cinder'),
    (285, 'runechant', 'magic2024', 'Rune Whisper'),
    (286, 'flarebloom', 'bloom2024', 'Aster Glow'),
    (287, 'duskstride', 'shade2024', 'Nox Walker'),
    (288, 'pebblepath', 'rocky2024', 'Pebble Brook'),
    (289, 'ivyshine', 'ivyx2024', 'Vine Glisten'),
    (290, 'oakhollow', 'oakx2024', 'Timber Hollis'),
    (291, 'opalglow', 'opal2024', 'Opal Gleam'),
    (292, 'embercrest', 'cinder2024', 'Blaze Crest'),
    (293, 'rippletide', 'flow2024', 'River Rush'),
    (294, 'glimmerdust', 'spark2024', 'Glimmer Fae'),
    (295, 'thunderdash', 'strike2024', 'Volt Runner'),
    (296, 'mirthsong', 'song2024', 'Lyra Melon'),
    (297, 'steelshade', 'shade2024', 'Chrome Dusk'),
    (298, 'blazepath', 'flame2024', 'Torch Walker'),
    (299, 'forestbloom', 'leaf2024', 'Bloom Thicket'),
    (300, 'tideshock', 'storm2024', 'Aqua Surge');

INSERT INTO Admin (uid)
VALUES
	(200),
	(201);

INSERT INTO Adopter (uid, pref_abilities, pref_types)
VALUES
    (1, '["Overgrow","Chlorophyll"]', '["Grass","Poison"]'),
    (4, '["Blaze","Solar Power"]', '["Fire"]'),
    (7, '["Torrent","Rain Dish"]', '["Water"]'),
    (10, '["Intimidate","Moxie"]', '["Dark"]'),
    (12, '["Compound Eyes","Tinted Lens"]', '["Bug","Flying"]'),
    (18, '["Keen Eye","Tangled Feet"]', '["Normal","Flying"]'),
    (25, '["Static","Lightning Rod"]', '["Electric"]'),
    (39, '["Cute Charm","Friend Guard"]', '["Normal","Fairy"]'),
    (133, '["Run Away","Adaptability","Anticipation"]', '["Normal"]'),
    (150, '["Pressure","Unnerve"]', '["Psychic"]'),
    (151, '["Synchronize"]', '["Psychic"]'),
    (202, '["Rock Head","Sturdy"]', '["Rock"]'),
    (203, '["Overgrow","Leaf Guard"]', '["Grass"]'),
    (204, '["Blaze","Flash Fire"]', '["Fire"]'),
    (205, '["Torrent","Damp"]', '["Water","Ground"]'),
    (206, '["Overgrow","Unburden"]', '["Grass"]'),
    (207, '["Blaze","Flame Body"]', '["Fire"]'),
    (208, '["Torrent","Defiant"]', '["Water"]'),
    (209, '["Overgrow","Shell Armor"]', '["Grass"]'),
    (210, '["Blaze","Iron Fist"]', '["Fire"]'),
    (211, '["Overgrow","Contrary"]', '["Grass"]'),
    (212, '["Blaze","Thick Fat"]', '["Fire"]'),
    (213, '["Torrent","Sniper"]', '["Water"]'),
    (214, '["Overgrow","Bulletproof"]', '["Grass"]'),
    (215, '["Blaze","Magician"]', '["Fire"]'),
    (216, '["Torrent","Protean"]', '["Water"]'),
    (217, '["Overgrow","Long Reach"]', '["Grass","Flying"]'),
    (218, '["Blaze","Berserk"]', '["Fire","Dark"]'),
    (219, '["Torrent","Liquid Voice"]', '["Water","Fairy"]'),
    (220, '["Overgrow","Grassy Surge"]', '["Grass"]'),
    (221, '["Blaze","Libero"]', '["Fire"]'),
    (222, '["Torrent","Sniper"]', '["Water"]'),
    (223, '["Overgrow","Overcoat"]', '["Grass"]'),
    (224, '["Blaze","Well-Baked Body"]', '["Fire"]'),
    (225, '["Torrent","Aqua Jet"]', '["Water"]'),
    (226, '["Rock Head","Sand Force"]', '["Rock","Ground"]'),
    (227, '["Ice Body","Snow Cloak"]', '["Ice"]'),
    (228, '["Poison Point","Merciless"]', '["Poison"]'),
    (229, '["Sturdy","Heavy Metal"]', '["Steel"]'),
    (230, '["Inner Focus","Synchronize"]', '["Psychic"]'),
    (231, '["Dragon’s Maw","Pressure"]', '["Dragon"]'),
    (232, '["Cursed Body","Infiltrator"]', '["Ghost"]'),
    (233, '["Sand Veil","Arena Trap"]', '["Ground"]'),
    (234, '["Sand Veil","Poison Touch"]', '["Ground","Poison"]'),
    (235, '["Gale Wings","Wind Power"]', '["Flying"]'),
    (236, '["Intimidate","Inner Focus"]', '["Dark","Fighting"]'),
    (237, '["Cute Charm","Pixilate"]', '["Fairy"]'),
    (238, '["Solar Power","Drought"]', '["Fire","Grass"]'),
    (239, '["Levitate","Lunar Blessing"]', '["Psychic","Fairy"]'),
    (240, '["Cosmic Power","Levitate"]', '["Psychic"]'),
    (241, '["Storm Drain","Rain Dish"]', '["Water","Flying"]'),
    (242, '["Rock Head","Reckless"]', '["Rock"]'),
    (243, '["Intimidate","Moxie"]', '["Fire","Normal"]'),
    (244, '["Flower Veil","Natural Cure"]', '["Grass","Fairy"]'),
    (245, '["Torrent","Swift Swim"]', '["Water"]'),
    (246, '["Speed Boost","Quick Feet"]', '["Normal"]'),
    (247, '["Rock Head","Sturdy"]', '["Rock"]'),
    (248, '["Shadow Tag","Infiltrator"]', '["Dark","Ghost"]'),
    (249, '["Motor Drive","Static"]', '["Electric"]'),
    (250, '["Cursed Body","Shadow Tag"]', '["Ghost"]'),
    (251, '["Lightning Rod","Volt Absorb"]', '["Electric"]'),
    (252, '["Rain Dish","Water Absorb"]', '["Water","Grass"]'),
    (253, '["Overgrow","Leaf Guard"]', '["Grass"]'),
    (254, '["Heavy Metal","Sturdy"]', '["Steel"]'),
    (255, '["Telepathy","Synchronize"]', '["Psychic"]'),
    (256, '["Misty Surge","Cloud Nine"]', '["Fairy","Flying"]'),
    (257, '["Flower Veil","Natural Cure"]', '["Grass"]'),
    (258, '["Blaze","Flame Body"]', '["Fire"]'),
    (259, '["Water Veil","Swift Swim"]', '["Water"]'),
    (260, '["Gale Wings","Aerilate"]', '["Flying"]'),
    (261, '["Battle Armor","Sturdy"]', '["Rock","Steel"]'),
    (262, '["Cloud Nine","Cute Charm"]', '["Normal","Flying"]'),
    (263, '["Sand Veil","Rough Skin"]', '["Ground","Dragon"]'),
    (264, '["Flash Fire","White Smoke"]', '["Fire"]'),
    (265, '["Iron Barbs","Poison Touch"]', '["Grass","Steel"]'),
    (266, '["White Smoke","Flash Fire"]', '["Fire"]'),
    (267, '["Gale Wings","Wind Power"]', '["Flying"]'),
    (268, '["Soundproof","Echo Chamber"]', '["Normal"]'),
    (269, '["Fog Veil","Drizzle"]', '["Water","Ghost"]'),
    (270, '["Static","Motor Drive"]', '["Electric"]'),
    (271, '["Rock Head","Battle Armor"]', '["Rock"]'),
    (272, '["Snow Cloak","Ice Body"]', '["Ice"]'),
    (273, '["Water Absorb","Poison Touch"]', '["Water","Poison"]'),
    (274, '["Overgrow","Leaf Guard"]', '["Grass"]'),
    (275, '["Blaze","Flame Body"]', '["Fire"]'),
    (276, '["Torrent","Swift Swim"]', '["Water"]'),
    (277, '["Keen Eye","Big Pecks"]', '["Flying"]'),
    (278, '["Rough Skin","Shed Skin"]', '["Dragon"]'),
    (279, '["Pressure","Dragon’s Maw"]', '["Dragon","Psychic"]'),
    (280, '["Moon Power","Levitate"]', '["Fairy"]'),
    (281, '["Drought","Solar Power"]', '["Fire"]'),
    (282, '["Water Veil","Rain Dish"]', '["Water"]'),
    (283, '["Rock Head","Wind Rider"]', '["Rock","Flying"]'),
    (284, '["Flame Body","Blaze"]', '["Fire"]'),
    (285, '["Magic Guard","Synchronize"]', '["Psychic"]'),
    (286, '["Flower Veil","Chlorophyll"]', '["Grass"]'),
    (287, '["Shadow Tag","Cursed Body"]', '["Ghost","Dark"]'),
    (288, '["Sturdy","Rock Head"]', '["Rock"]'),
    (289, '["Chlorophyll","Overgrow"]', '["Grass"]'),
    (290, '["Overgrow","Grass Pelt"]', '["Grass"]'),
    (291, '["Illuminate","Natural Cure"]', '["Fairy","Normal"]'),
    (292, '["Blaze","Flash Fire"]', '["Fire"]'),
    (293, '["Torrent","Water Veil"]', '["Water"]'),
    (294, '["Cute Charm","Pixilate"]', '["Fairy"]'),
    (295, '["Static","Lightning Rod"]', '["Electric"]'),
    (296, '["Cute Charm","Soundproof"]', '["Normal"]'),
    (297, '["Shadow Tag","Infiltrator"]', '["Ghost"]'),
    (298, '["Blaze","Flame Body"]', '["Fire"]'),
    (299, '["Overgrow","Chlorophyll"]', '["Grass"]'),
    (300, '["Storm Drain","Swift Swim"]', '["Water"]');

INSERT INTO AdoptablePokemon (pid, pokedex_number, nickname, date_added, description, status)
VALUES
    (1, 1, 'Leafy', '2025-10-10', 'A cheerful Bulbasaur that loves sunshine.', 'available'),
    (2, 4, 'Flare', '2025-09-28', 'Playful Charmander with a bright flame on its tail.', 'taken'),
    (3, 7, 'Shellby', '2025-10-01', 'A calm Squirtle who enjoys splashing in the water.', 'available'),
    (4, 25, 'Spark', '2025-09-15', 'An energetic Pikachu who loves company.', 'available'),
    (5, 39, 'Lulla', '2025-08-20', 'A gentle Jigglypuff who sings sweet lullabies.', 'taken'),
    (6, 133, 'Eeveeon', '2025-10-05', 'Curious and adaptable Eevee with a big heart.', 'available'),
    (7, 37, 'Ember', '2025-09-12', 'Vulpix with six fiery tails and a friendly nature.', 'available'),
    (8, 52, 'Whiskers', '2025-09-30', 'Mischievous Meowth that loves shiny objects.', 'available'),
    (9, 150, 'MewtwoX', '2025-07-01', 'Powerful and mysterious Pokémon seeking a calm home.', 'taken'),
    (10, 151, 'Mewmie', '2025-10-14', 'Playful and rare Mew who loves to float around.', 'available'),
    (11, 2, 'Ivy', '2025-09-10', 'Ivysaur that loves resting in the sun.', 'available'),
    (12, 3, 'Bloom', '2025-09-17', 'A Venusaur who spreads sunlight with its flower.', 'taken'),
    (13, 5, 'Cinder', '2025-08-29', 'Charmeleon with a fiery personality.', 'available'),
    (14, 6, 'Inferno', '2025-10-03', 'Charizard who enjoys warm skies.', 'taken'),
    (15, 8, 'Bubbly', '2025-07-22', 'Wartortle who loves diving underwater.', 'available'),
    (16, 9, 'Blasto', '2025-11-01', 'Blastoise with powerful water cannons.', 'available'),
    (17, 10, 'CaterpiePie', '2025-09-08', 'Caterpie seeking a gentle, patient owner.', 'available'),
    (18, 11, 'Meta', '2025-09-09', 'Metapod who enjoys calm quiet days.', 'taken'),
    (19, 12, 'Flitter', '2025-08-13', 'Butterfree who flutters gracefully.', 'available'),
    (20, 13, 'Stinglet', '2025-07-30', 'Weedle who trains its poison stinger.', 'available'),
    (21, 15, 'Hornet', '2025-10-20', 'Beedrill who protects its friends fiercely.', 'taken'),
    (22, 16, 'Feather', '2025-10-09', 'Pidgey who chirps happily at sunrise.', 'available'),
    (23, 17, 'Breezer', '2025-08-15', 'Pidgeotto that rides the winds.', 'available'),
    (24, 18, 'SkyLord', '2025-08-19', 'Pidgeot with majestic wings.', 'taken'),
    (25, 19, 'Nibble', '2025-09-22', 'Rattata who loves to explore.', 'available'),
    (26, 20, 'Chewy', '2025-10-02', 'Raticate with a big bite.', 'available'),
    (27, 21, 'Speary', '2025-07-29', 'Spearow with a feisty mood.', 'taken'),
    (28, 22, 'RazorWing', '2025-09-01', 'Fearow who glides gracefully.', 'available'),
    (29, 23, 'Slither', '2025-10-11', 'Ekans who enjoys curling in warm spots.', 'available'),
    (30, 24, 'Venomix', '2025-09-15', 'Arbok with sharp instincts.', 'taken'),
    (31, 26, 'Bolt', '2025-09-14', 'Raichu with strong electric energy.', 'available'),
    (32, 27, 'Dusty', '2025-10-06', 'Sandshrew who rolls into a ball.', 'available'),
    (33, 28, 'Claws', '2025-08-09', 'Sandslash with tough spikes.', 'taken'),
    (34, 29, 'Nina', '2025-07-21', 'Nidoran♀ looking for a quiet home.', 'available'),
    (35, 30, 'Queenlet', '2025-07-24', 'Nidorina who protects her friends.', 'available'),
    (36, 31, 'Veniqueen', '2025-08-11', 'Nidoqueen with great strength.', 'taken'),
    (37, 32, 'Spike', '2025-09-27', 'Nidoran♂ who trains daily.', 'available'),
    (38, 33, 'Hornito', '2025-10-13', 'Nidorino with energy to spare.', 'available'),
    (39, 34, 'Kinghorn', '2025-10-15', 'Nidoking who stands tall and proud.', 'taken'),
    (40, 35, 'Celine', '2025-09-02', 'Clefairy who sparkles under moonlight.', 'available'),
    (41, 36, 'Lunara', '2025-08-17', 'Clefable who dances under stars.', 'taken'),
    (42, 41, 'Zuzu', '2025-07-18', 'Zubat who prefers dark caves.', 'available'),
    (43, 42, 'Wingbat', '2025-07-22', 'Golbat who flaps around playfully.', 'available'),
    (44, 43, 'Oddy', '2025-10-04', 'Oddish who sleeps in soil.', 'taken'),
    (45, 44, 'Gloomy', '2025-11-02', 'Gloom with a sleepy expression.', 'available'),
    (46, 45, 'Vileleaf', '2025-10-24', 'Vileplume who smells surprisingly nice.', 'available'),
    (47, 46, 'ShyShroom', '2025-08-26', 'Paras who loves damp forests.', 'taken'),
    (48, 47, 'SporeX', '2025-09-04', 'Parasect with a giant mushroom.', 'available'),
    (49, 48, 'MistyBug', '2025-11-05', 'Venonat with glowing eyes.', 'available'),
    (50, 49, 'Venox', '2025-10-07', 'Venomoth who glides like silk.', 'taken'),
    (51, 50, 'Diggy', '2025-08-28', 'Diglett who pops up suddenly.', 'available'),
    (52, 51, 'Triody', '2025-09-07', 'Dugtrio who moves in sync.', 'available'),
    (53, 54, 'Duckster', '2025-07-12', 'Psyduck with mysterious headaches.', 'taken'),
    (54, 55, 'WaveBrain', '2025-09-13', 'Golduck who swims gracefully.', 'available'),
    (55, 56, 'Punchy', '2025-08-03', 'Mankey who jumps around happily.', 'taken'),
    (56, 57, 'Fury', '2025-10-06', 'Primeape who trains nonstop.', 'available'),
    (57, 58, 'Fluffy', '2025-10-12', 'Growlithe who loves cuddles.', 'available'),
    (58, 59, 'Arka', '2025-10-18', 'Arcanine with regal posture.', 'taken'),
    (59, 60, 'Bloop', '2025-08-14', 'Poliwag who spins in circles.', 'available'),
    (60, 61, 'Swirlo', '2025-09-23', 'Poliwhirl with smooth moves.', 'available'),
    (61, 62, 'ChampWave', '2025-10-08', 'Poliwrath with strong arms.', 'taken'),
    (62, 63, 'Mindlet', '2025-09-19', 'Abra who falls asleep instantly.', 'available'),
    (63, 64, 'Kadie', '2025-08-31', 'Kadabra who loves spoons.', 'available'),
    (64, 65, 'Zenlord', '2025-10-21', 'Alakazam who meditates often.', 'taken'),
    (65, 66, 'Chop', '2025-08-06', 'Machop with big dreams.', 'available'),
    (66, 67, 'Musko', '2025-09-21', 'Machoke who flexes proudly.', 'available'),
    (67, 68, 'Titan', '2025-10-25', 'Machamp with many arms to hug.', 'taken'),
    (68, 69, 'Viny', '2025-07-19', 'Bellsprout who dances in the breeze.', 'available'),
    (69, 70, 'Whipvine', '2025-08-05', 'Weepinbell who swings gently.', 'available'),
    (70, 71, 'BellLord', '2025-09-18', 'Victreebel who lounges in sunlight.', 'taken'),
    (71, 72, 'StingRay', '2025-09-11', 'Tentacool who floats peacefully.', 'available'),
    (72, 73, 'Jelly', '2025-08-16', 'Tentacruel who guards the seas.', 'available'),
    (73, 74, 'Pebbul', '2025-09-25', 'Geodude who loves lifting stones.', 'taken'),
    (74, 75, 'Boulder', '2025-10-28', 'Graveler who rolls down hills.', 'available'),
    (75, 76, 'Rocklord', '2025-09-05', 'Golem with a strong shell.', 'available'),
    (76, 77, 'Flarehoof', '2025-10-19', 'Ponyta whose mane burns bright.', 'taken'),
    (77, 78, 'Pyrohoof', '2025-09-06', 'Rapidash who gallops with elegance.', 'available'),
    (78, 79, 'Dozer', '2025-11-06', 'Slowpoke who enjoys relaxing.', 'available'),
    (79, 80, 'Slowmo', '2025-09-20', 'Slowbro who never rushes.', 'taken'),
    (80, 81, 'Zapper', '2025-08-04', 'Magnemite with magnetic charm.', 'available'),
    (81, 82, 'Magstack', '2025-10-23', 'Magneton who floats in clusters.', 'available'),
    (82, 83, 'Quacky', '2025-07-25', 'Farfetchd with a heroic spirit.', 'taken'),
    (83, 84, 'Twinbeak', '2025-09-26', 'Doduo who races around fields.', 'available'),
    (84, 85, 'Triobeak', '2025-10-29', 'Dodrio with three moods.', 'available'),
    (85, 86, 'Snowpup', '2025-11-08', 'Seel who loves icy waters.', 'available'),
    (86, 87, 'Blubblub', '2025-08-18', 'Dewgong who glides through waves.', 'taken'),
    (87, 88, 'Gunk', '2025-07-27', 'Grimer who leaves sticky trails.', 'available'),
    (88, 89, 'SludgeX', '2025-10-17', 'Muk with a gooey personality.', 'available'),
    (89, 90, 'Clampy', '2025-09-03', 'Shellder who pinches everything.', 'taken'),
    (90, 91, 'Shellora', '2025-10-22', 'Cloyster with a tough shell.', 'available'),
    (91, 92, 'MistyOrb', '2025-08-02', 'Gastly who floats silently.', 'available'),
    (92, 93, 'Haunty', '2025-09-10', 'Haunter who plays spooky pranks.', 'available'),
    (93, 94, 'ShadeLord', '2025-11-04', 'Gengar with a mischievous grin.', 'taken'),
    (94, 95, 'Snakestone', '2025-08-24', 'Onix who loves tunneling underground.', 'available'),
    (95, 96, 'Dreamy', '2025-07-16', 'Drowzee who helps others sleep.', 'available'),
    (96, 97, 'Mindstorm', '2025-10-16', 'Hypno who swings a shiny pendulum.', 'taken'),
    (97, 98, 'Clamper', '2025-07-31', 'Krabby with snappy claws.', 'available'),
    (98, 99, 'Crusher', '2025-09-16', 'Kingler with massive pincers.', 'available'),
    (99, 100, 'Boomer', '2025-08-01', 'Voltorb who sparkles with energy.', 'taken'),
    (100, 101, 'ShockOrb', '2025-10-30', 'Electrode who rolls everywhere.', 'available'),
    (101, 102, 'Noggin', '2025-09-29', 'Exeggcute who sticks together.', 'available'),
    (102, 103, 'Palmking', '2025-11-09', 'Exeggutor with a tall stance.', 'taken'),
    (103, 104, 'Bonbon', '2025-08-27', 'Cubone who misses its mother.', 'available'),
    (104, 105, 'Marowin', '2025-09-24', 'Marowak with fierce determination.', 'available'),
    (105, 106, 'Kickster', '2025-10-26', 'Hitmonlee who stretches its legs.', 'available'),
    (106, 107, 'Punchlord', '2025-08-22', 'Hitmonchan with swift jabs.', 'taken'),
    (107, 108, 'Slurper', '2025-07-26', 'Lickitung who licks everything.', 'available'),
    (108, 109, 'Poofy', '2025-09-28', 'Koffing who floats aimlessly.', 'available'),
    (109, 110, 'Smogdog', '2025-10-31', 'Weezing with cloudy gas.', 'available'),
    (110, 111, 'Stompy', '2025-09-10', 'Rhyhorn who charges forward.', 'available');

INSERT INTO AdoptionLogs (log_id, uid, pid, log_date, action_type)
VALUES
    (1, 1, 1, '2025-10-15', 'adopt'),
    (2, 4, 2, '2025-09-29', 'adopt'),
    (3, 4, 2, '2025-10-10', 'unadopt'),
    (4, 7, 3, '2025-10-02', 'adopt'),
    (5, 25, 4, '2025-09-16', 'adopt'),
    (6, 39, 5, '2025-08-21', 'adopt'),
    (7, 39, 5, '2025-09-10', 'unadopt'),
    (8, 133, 6, '2025-10-07', 'adopt'),
    (9, 150, 9, '2025-07-03', 'adopt'),
    (10, 151, 10, '2025-10-15', 'adopt'),
    (11, 202, 11, '2025-09-11', 'adopt'),
    (12, 203, 12, '2025-09-18', 'adopt'),
    (13, 204, 13, '2025-08-30', 'adopt'),
    (14, 204, 13, '2025-09-20', 'unadopt'),
    (15, 205, 15, '2025-10-03', 'adopt'),
    (16, 206, 16, '2025-11-02', 'adopt'),
    (17, 207, 17, '2025-09-10', 'adopt'),
    (18, 207, 17, '2025-10-01', 'unadopt'),
    (19, 208, 19, '2025-09-05', 'adopt'),
    (20, 209, 20, '2025-10-08', 'adopt'),
    (21, 210, 21, '2025-09-20', 'adopt'),
    (22, 211, 22, '2025-10-10', 'adopt'),
    (23, 212, 23, '2025-08-25', 'adopt'),
    (24, 213, 25, '2025-09-23', 'adopt'),
    (25, 214, 26, '2025-10-03', 'adopt'),
    (26, 215, 27, '2025-07-30', 'adopt'),
    (27, 216, 28, '2025-09-11', 'adopt'),
    (28, 217, 29, '2025-10-12', 'adopt'),
    (29, 218, 30, '2025-09-16', 'adopt'),
    (30, 219, 31, '2025-08-02', 'adopt'),
    (31, 220, 32, '2025-10-07', 'adopt'),
    (32, 221, 33, '2025-09-28', 'adopt'),
    (33, 222, 34, '2025-09-04', 'adopt'),
    (34, 223, 35, '2025-07-24', 'adopt'),
    (35, 224, 36, '2025-09-12', 'adopt'),
    (36, 225, 37, '2025-09-27', 'adopt'),
    (37, 226, 38, '2025-10-05', 'adopt'),
    (38, 227, 39, '2025-08-10', 'adopt'),
    (39, 228, 40, '2025-10-02', 'adopt'),
    (40, 229, 41, '2025-07-28', 'adopt'),
    (41, 229, 41, '2025-09-08', 'unadopt'),
    (42, 230, 42, '2025-08-23', 'adopt'),
    (43, 231, 43, '2025-10-12', 'adopt'),
    (44, 232, 44, '2025-10-05', 'adopt'),
    (45, 233, 45, '2025-11-02', 'adopt'),
    (46, 234, 46, '2025-08-26', 'adopt'),
    (47, 235, 47, '2025-09-05', 'adopt'),
    (48, 236, 48, '2025-09-16', 'adopt'),
    (49, 237, 49, '2025-09-29', 'adopt'),
    (50, 238, 50, '2025-11-01', 'adopt'),
    (51, 239, 51, '2025-08-01', 'adopt'),
    (52, 240, 52, '2025-08-15', 'adopt'),
    (53, 241, 53, '2025-09-19', 'adopt'),
    (54, 242, 54, '2025-10-13', 'adopt'),
    (55, 243, 55, '2025-08-04', 'adopt'),
    (56, 244, 56, '2025-09-10', 'adopt'),
    (57, 245, 57, '2025-10-22', 'adopt'),
    (58, 246, 58, '2025-10-14', 'adopt'),
    (59, 247, 59, '2025-09-03', 'adopt'),
    (60, 248, 60, '2025-07-20', 'adopt'),
    (61, 249, 61, '2025-07-25', 'adopt'),
    (62, 250, 62, '2025-10-10', 'adopt'),
    (63, 251, 63, '2025-10-25', 'adopt'),
    (64, 252, 64, '2025-11-03', 'adopt'),
    (65, 253, 65, '2025-08-11', 'adopt'),
    (66, 254, 66, '2025-10-06', 'adopt'),
    (67, 255, 67, '2025-09-09', 'adopt'),
    (68, 256, 68, '2025-07-22', 'adopt'),
    (69, 257, 69, '2025-09-14', 'adopt'),
    (70, 258, 70, '2025-08-18', 'adopt'),
    (71, 259, 71, '2025-09-12', 'adopt'),
    (72, 260, 72, '2025-09-07', 'adopt'),
    (73, 261, 73, '2025-10-11', 'adopt'),
    (74, 262, 74, '2025-10-30', 'adopt'),
    (75, 263, 75, '2025-08-12', 'adopt'),
    (76, 264, 76, '2025-09-10', 'adopt'),
    (77, 265, 77, '2025-07-27', 'adopt'),
    (78, 266, 78, '2025-09-11', 'adopt'),
    (79, 267, 79, '2025-09-20', 'adopt'),
    (80, 268, 80, '2025-09-28', 'adopt'),
    (81, 269, 81, '2025-10-03', 'adopt'),
    (82, 270, 82, '2025-10-27', 'adopt'),
    (83, 271, 83, '2025-09-26', 'adopt'),
    (84, 272, 84, '2025-08-06', 'adopt'),
    (85, 273, 85, '2025-11-08', 'adopt'),
    (86, 274, 86, '2025-09-13', 'adopt'),
    (87, 275, 87, '2025-08-29', 'adopt'),
    (88, 276, 88, '2025-10-19', 'adopt'),
    (89, 277, 89, '2025-10-14', 'adopt'),
    (90, 278, 90, '2025-08-05', 'adopt'),
    (91, 279, 91, '2025-08-19', 'adopt'),
    (92, 280, 92, '2025-10-15', 'adopt'),
    (93, 281, 93, '2025-07-18', 'adopt'),
    (94, 282, 94, '2025-09-15', 'adopt'),
    (95, 283, 95, '2025-10-24', 'adopt'),
    (96, 284, 96, '2025-10-04', 'adopt'),
    (97, 285, 97, '2025-08-21', 'adopt'),
    (98, 286, 98, '2025-09-22', 'adopt'),
    (99, 287, 99, '2025-10-16', 'adopt'),
    (100, 288, 100, '2025-10-29', 'adopt'),
    (101, 289, 101, '2025-07-29', 'adopt'),
    (102, 290, 102, '2025-08-08', 'adopt'),
    (103, 291, 103, '2025-10-02', 'adopt'),
    (104, 292, 104, '2025-10-11', 'adopt'),
    (105, 293, 105, '2025-11-01', 'adopt'),
    (106, 294, 106, '2025-10-05', 'adopt'),
    (107, 295, 107, '2025-09-09', 'adopt'),
    (108, 296, 108, '2025-07-26', 'adopt'),
    (109, 297, 109, '2025-09-25', 'adopt'),
    (110, 298, 110, '2025-09-17', 'adopt'),
    (111, 299, 98, '2025-10-20', 'adopt'),
    (112, 202, 45, '2025-09-29', 'unadopt'),
    (113, 260, 30, '2025-10-09', 'adopt'),
    (114, 275, 60, '2025-10-07', 'adopt'),
    (115, 215, 39, '2025-11-02', 'adopt'),
    (116, 244, 15, '2025-09-14', 'adopt'),
    (117, 257, 14, '2025-08-30', 'adopt'),
    (118, 286, 4, '2025-09-19', 'adopt'),
    (119, 234, 33, '2025-10-06', 'unadopt'),
    (120, 290, 11, '2025-10-12', 'adopt');
